{
  "Version" : 1,
  "NumBands" : 3,
  "TileSizeX" : 256,
  "TileSizeY" : 256,
  "NumClasses" : 1,
  "NumTiles" : 1532,
  "NumTilesAsDouble" : 1532,
  "NextTileIndex" : 21172,
  "OutputFeatures" : true,
  "MetaDataMode" : "RCNN_Masks",
  "MinCellSize" : {
    "x" : 0.25,
    "y" : 0.25,
    "spatialReference" : {
      "wkid" : 25831,
      "latestWkid" : 25831
    }
  },
  "MaxCellSize" : {
    "x" : 0.25,
    "y" : 0.25,
    "spatialReference" : {
      "wkid" : 25831,
      "latestWkid" : 25831
    }
  },
  "Classes" : [
    {
      "ClassValue" : 1,
      "ClassName" : "Piscina",
      "Color" : [
        0,
        92,
        230
      ]
    }
  ],
  "FeatureStats" : {
    "NumClasses" : 1,
    "NumImagesTotal" : 1532,
    "NumFeaturesTotal" : 3710,
    "NumImagesPerClass" : [
      1532
    ],
    "NumFeaturesPerClass" : [
      3710
    ],
    "NumFeaturesPerImage" : {
      "Min" : 1,
      "Max" : 10,
      "Mean" : 2.4216710182767622,
      "Sum" : 3710,
      "Count" : 1532
    },
    "FeatureAreaPerClass" : [
      {
        "Min" : 7.2802068835846161e-05,
        "Max" : 246.26581522719857,
        "Mean" : 27.745933948265712,
        "Sum" : 102937.41494806579,
        "Count" : 3710
      }
    ]
  },
  "InputRastersProps" : {
    "RasterCount" : 1,
    "SensorName" : "Undefined",
    "BandNames" : [
      "",
      "",
      ""
    ]
  },
  "BandStatsState" : [
    {
      "Min" : 0,
      "Max" : 255,
      "Mean" : 0,
      "StdDev" : 0,
      "M1" : 157.29962367728743,
      "M2" : 387063203176.26489,
      "Num" : 100375552
    },
    {
      "Min" : 2,
      "Max" : 255,
      "Mean" : 0,
      "StdDev" : 0,
      "M1" : 138.75541207484463,
      "M2" : 355598404941.94452,
      "Num" : 100375552
    },
    {
      "Min" : 0,
      "Max" : 255,
      "Mean" : 0,
      "StdDev" : 0,
      "M1" : 119.71924962365338,
      "M2" : 363961979543.31909,
      "Num" : 100375552
    }
  ]
}